Keyword,Frequency
SQL,129
Azure,105
C#,95
JavaScript,93
React,91
API,71
CSS,69
DevOps,69
.NET,66
Agile,66
HTML,59
Cloud,56
CI/CD,56
AWS,54
Git,50
Angular,44
Java,42
Python,41
REST,37
stack,36
Framework,35
TypeScript,33
HTML5,26
PHP,26
SDLC,26
Full,25
Docker,23
Database,21
JSON,18
XML,16
MySQL,16
GitHub,15
Oracle,15
Scrum,15
JQuery,14
Linux,14
C++,14
Security,14
Kubernetes,14
ReactJS,13
GraphQL,13
NoSQL,13
PostgreSQL,13
Bitbucket,9
Jenkins,9
Vue.js,9
Infrastructure,8
Deployment,8
Scripting,7
Terraform,7
Laravel,6
Backend,6
C,6
MongoDB,6
Mobile,5
Ruby,5
SOAP,5
GitLab,4
Frontend,4
TDD,4
Automation,4
Ansible,4
VueJS,3
Desktop,3
OpenID,3
Networking,3
OAuth,2
Kanban,2
TLS,2
Puppet,2
Containerization,2
Perl,2
HTTPS,1
Bug,1
IoT,1
Mercurial,1
Unix,1
Virtualization,1
CI,1
Monitoring,1
